quality_id,asset_id,part_id,shift_id,recorded_at,cpk,cp,sample_size,scrap_qty,rework_qty,notes
ee3ef981-efe5-4843-95fd-b181f43033ef,WC-01,P-1099,2026-02-24-M,2026-03-12 09:26:00.082174-04,1.504,1.524,25,0,0,
ec0bb2e9-49e4-492f-a934-70751eadb225,WC-02,P-1099,2026-02-24-M,2026-03-12 09:26:00.082174-04,1.400,1.439,20,0,0,
062ea62a-a7e7-412f-9c2e-6a4f85f258f7,WC-01,P-1001,2026-02-24-M,2026-03-12 09:26:00.082174-04,1.496,1.683,30,0,0,
56effcd0-b21b-41c6-bacf-827c0f8ace6c,WC-02,P-2001,2026-02-24-M,2026-03-12 09:26:00.082174-04,1.381,1.487,28,1,0,
0f5a0892-8c36-4361-82bb-c74fa7fc8a3d,WC-03,P-3001,2026-02-24-M,2026-03-12 09:26:00.082174-04,1.683,1.622,40,0,0,
2c0688f2-4ff9-401c-9052-492469f3c43f,WC-01,P-1099,2026-02-25-M,2026-03-12 09:26:00.082174-04,1.610,1.778,25,0,0,
151c0e12-4cfa-4c14-9679-216d31f4ed7b,WC-02,P-1099,2026-02-25-M,2026-03-12 09:26:00.082174-04,1.358,1.474,20,1,0,
50be8c65-a857-49b4-bf93-0cb65192836b,WC-01,P-1001,2026-02-25-M,2026-03-12 09:26:00.082174-04,1.500,1.637,30,0,0,
25789028-f852-40c4-98f6-f2127bd5f4ea,WC-02,P-2001,2026-02-25-M,2026-03-12 09:26:00.082174-04,1.487,1.643,28,1,0,
1c6d2eee-9aae-4871-87f3-234bb0aca391,WC-03,P-3001,2026-02-25-M,2026-03-12 09:26:00.082174-04,1.534,1.710,40,0,0,
e8cd5a69-b91c-46df-99b8-46d4656d45c3,WC-01,P-1099,2026-02-26-M,2026-03-12 09:26:00.082174-04,1.649,1.593,25,0,0,
7a18fd70-e063-412c-a5ac-a0a8b298669d,WC-02,P-1099,2026-02-26-M,2026-03-12 09:26:00.082174-04,1.299,1.564,20,1,0,
8d1f5cec-397d-44c8-bc06-979c1e6c7dce,WC-01,P-1001,2026-02-26-M,2026-03-12 09:26:00.082174-04,1.597,1.836,30,0,0,
b303b390-41c8-4f47-b344-614cd974680b,WC-02,P-2001,2026-02-26-M,2026-03-12 09:26:00.082174-04,1.405,1.558,28,1,0,
7d158758-31ee-46ab-849e-7930ff1576d0,WC-03,P-3001,2026-02-26-M,2026-03-12 09:26:00.082174-04,1.535,1.692,40,0,0,
c0f53907-a967-43b1-957d-ab0948597717,WC-01,P-1099,2026-02-27-M,2026-03-12 09:26:00.082174-04,1.475,1.727,25,0,0,
430c9f44-8222-45df-b41f-6912fe4ba56e,WC-02,P-1099,2026-02-27-M,2026-03-12 09:26:00.082174-04,1.255,1.412,20,0,0,
8818e1e7-5ec2-4996-b3c0-0dc4eaf1541a,WC-01,P-1001,2026-02-27-M,2026-03-12 09:26:00.082174-04,1.649,1.604,30,0,0,
1df3824a-c72f-490f-bc5b-35641723f245,WC-02,P-2001,2026-02-27-M,2026-03-12 09:26:00.082174-04,1.445,1.653,28,1,0,
b864f06a-e40c-486a-afa2-df04000dbc29,WC-03,P-3001,2026-02-27-M,2026-03-12 09:26:00.082174-04,1.492,1.641,40,0,0,
01eed88a-fbfe-4c76-a703-83fa179b3d74,WC-01,P-1099,2026-02-28-M,2026-03-12 09:26:00.082174-04,1.514,1.694,25,0,0,
e5b0efcf-7fb2-4a45-86c5-e3b0abddafa4,WC-02,P-1099,2026-02-28-M,2026-03-12 09:26:00.082174-04,1.340,1.475,20,0,0,
7cf441e8-8b0a-483d-a074-e2fc654eefa2,WC-01,P-1001,2026-02-28-M,2026-03-12 09:26:00.082174-04,1.559,1.693,30,0,0,
d9c41642-1738-4fb9-9ff8-0ca98a456e34,WC-02,P-2001,2026-02-28-M,2026-03-12 09:26:00.082174-04,1.430,1.592,28,1,0,
64ad0e01-9f15-472f-b7e8-5c447c9be562,WC-03,P-3001,2026-02-28-M,2026-03-12 09:26:00.082174-04,1.509,1.633,40,0,0,
b36a1325-13f2-4f8d-9732-54ee1b1d5962,WC-01,P-1099,2026-03-01-M,2026-03-12 09:26:00.082174-04,1.482,1.577,25,0,0,
8bbc7274-a96a-46e0-8272-cf1a9dc821d2,WC-02,P-1099,2026-03-01-M,2026-03-12 09:26:00.082174-04,1.325,1.508,20,1,0,
70343b96-2e1f-403e-90ae-a9cdff52981a,WC-01,P-1001,2026-03-01-M,2026-03-12 09:26:00.082174-04,1.550,1.676,30,0,0,
2ef2ed2a-84b5-4b02-a49d-a9615d1c93c1,WC-02,P-2001,2026-03-01-M,2026-03-12 09:26:00.082174-04,1.448,1.596,28,1,0,
e2ad9fdf-bb68-4d05-bff2-45b3fe2f103e,WC-03,P-3001,2026-03-01-M,2026-03-12 09:26:00.082174-04,1.530,1.594,40,0,0,
afe69faa-feba-4774-a70b-f23c4313505b,WC-01,P-1099,2026-03-02-M,2026-03-12 09:26:00.082174-04,1.505,1.566,25,0,0,
5c19b0fa-dc3c-4c82-8b29-d4037180e8d6,WC-02,P-1099,2026-03-02-M,2026-03-12 09:26:00.082174-04,1.361,1.325,20,0,0,
189ef956-4e74-49b0-a3cf-3e254821faa1,WC-01,P-1001,2026-03-02-M,2026-03-12 09:26:00.082174-04,1.594,1.703,30,0,0,
8ef2adf5-93cd-465f-b142-751315415a12,WC-02,P-2001,2026-03-02-M,2026-03-12 09:26:00.082174-04,1.535,1.584,28,1,0,
b1414c20-46c1-4afe-8773-6b71e7f904e1,WC-03,P-3001,2026-03-02-M,2026-03-12 09:26:00.082174-04,1.612,1.688,40,0,0,
b04cd13d-a7dd-4bd9-9073-e926a228f698,WC-01,P-1099,2026-03-03-M,2026-03-12 09:26:00.082174-04,1.473,1.693,25,0,0,
7cb5e9dc-200e-48c5-9109-a0b75d05638f,WC-02,P-1099,2026-03-03-M,2026-03-12 09:26:00.082174-04,1.349,1.394,20,0,0,
b9546a43-fa44-4a4b-9d1d-5abffac51c10,WC-01,P-1001,2026-03-03-M,2026-03-12 09:26:00.082174-04,1.760,1.683,30,0,0,
cd911a1d-10a5-415d-8010-dce4dd89af5a,WC-02,P-2001,2026-03-03-M,2026-03-12 09:26:00.082174-04,1.439,1.581,28,1,0,
0a150d0b-a09a-48c5-b9b6-b2d170204d6a,WC-03,P-3001,2026-03-03-M,2026-03-12 09:26:00.082174-04,1.567,1.755,40,0,0,
677eaa90-987b-4520-9d34-99c8f5077253,WC-01,P-1099,2026-03-04-M,2026-03-12 09:26:00.082174-04,1.547,1.554,25,0,0,
a5303c9f-c604-4046-87b3-04b028ab8b41,WC-02,P-1099,2026-03-04-M,2026-03-12 09:26:00.082174-04,1.259,1.358,20,0,0,
aa1f938f-af6c-491e-934b-b9eedb7b0c81,WC-01,P-1001,2026-03-04-M,2026-03-12 09:26:00.082174-04,1.655,1.820,30,0,0,
9b020e0f-0627-45cb-aa6a-283413adbb19,WC-02,P-2001,2026-03-04-M,2026-03-12 09:26:00.082174-04,1.408,1.541,28,1,0,
8948f7c8-9959-4287-962f-8d5673ac2634,WC-03,P-3001,2026-03-04-M,2026-03-12 09:26:00.082174-04,1.582,1.713,40,0,0,
fe50bd99-8276-4497-80f1-d9787dbbaf46,WC-01,P-1099,2026-03-05-M,2026-03-12 09:26:00.082174-04,1.498,1.700,25,0,0,
44b70e97-4908-47ef-8722-b02acf6701aa,WC-02,P-1099,2026-03-05-M,2026-03-12 09:26:00.082174-04,1.318,1.460,20,1,0,
40e82fbd-6fec-47e3-b5fd-b08a7f0b6aaf,WC-01,P-1001,2026-03-05-M,2026-03-12 09:26:00.082174-04,1.578,1.798,30,0,0,
3632de15-2699-40f7-9dc0-9756e9c3d2f4,WC-02,P-2001,2026-03-05-M,2026-03-12 09:26:00.082174-04,1.488,1.658,28,1,0,
57b5a327-1361-4fed-9f5b-3dc78fdd110f,WC-03,P-3001,2026-03-05-M,2026-03-12 09:26:00.082174-04,1.557,1.761,40,0,0,
e10191e1-2e30-482e-8528-e94e4d4aeea8,WC-01,P-1099,2026-03-06-M,2026-03-12 09:26:00.082174-04,1.487,1.724,25,0,0,
2b6b4a6c-0546-434f-bb81-85e9c61dfac7,WC-02,P-1099,2026-03-06-M,2026-03-12 09:26:00.082174-04,1.347,1.502,20,0,0,
269fa439-03fb-4824-9c36-2e3a60062a1e,WC-01,P-1001,2026-03-06-M,2026-03-12 09:26:00.082174-04,1.670,1.791,30,0,0,
68c1cea3-5614-44f9-8fab-ed5955a918ca,WC-02,P-2001,2026-03-06-M,2026-03-12 09:26:00.082174-04,1.413,1.514,28,1,0,
78ef7dfe-94e1-4e2a-a246-129986bc4e5b,WC-03,P-3001,2026-03-06-M,2026-03-12 09:26:00.082174-04,1.579,1.666,40,0,0,
dae231e6-4a2a-4757-b330-3aafa97a1381,WC-01,P-1099,2026-03-07-M,2026-03-12 09:26:00.082174-04,1.540,1.668,25,0,0,
12fa4762-e0ab-414e-9e39-75c45ec09288,WC-02,P-1099,2026-03-07-M,2026-03-12 09:26:00.082174-04,1.325,1.365,20,0,0,
ac0ae155-f195-4ce2-916f-0c852d9c26fc,WC-01,P-1001,2026-03-07-M,2026-03-12 09:26:00.082174-04,1.662,1.731,30,0,0,
c69142d4-1108-4f85-9366-60be4f309a36,WC-02,P-2001,2026-03-07-M,2026-03-12 09:26:00.082174-04,1.421,1.619,28,1,0,
25ed6556-3f01-499c-a0ad-2f6a939dcaf7,WC-03,P-3001,2026-03-07-M,2026-03-12 09:26:00.082174-04,1.621,1.730,40,0,0,
90f7c5f7-cf89-45cb-9a73-519825e4746d,WC-01,P-1099,2026-03-08-M,2026-03-12 09:26:00.082174-04,1.426,1.642,25,0,0,
9cdf2b4a-5c50-4eff-9f47-e4c8dc15f736,WC-02,P-1099,2026-03-08-M,2026-03-12 09:26:00.082174-04,1.279,1.310,20,1,0,
d560f5fb-5b47-47e8-80ec-1e9353a1b67f,WC-01,P-1001,2026-03-08-M,2026-03-12 09:26:00.082174-04,1.617,1.735,30,0,0,
71ae8901-1f89-4ffc-b475-70d2a6aa7db0,WC-02,P-2001,2026-03-08-M,2026-03-12 09:26:00.082174-04,1.470,1.515,28,1,0,
33e43101-727a-4f13-965e-3f8a95310254,WC-03,P-3001,2026-03-08-M,2026-03-12 09:26:00.082174-04,1.598,1.698,40,0,0,
91093fac-80c9-4c94-a7da-b28ccac09c2a,WC-01,P-1099,2026-03-09-M,2026-03-12 09:26:00.082174-04,1.538,1.600,25,0,0,
20a75023-3fc9-47c5-89fe-6e57d7323da9,WC-02,P-1099,2026-03-09-M,2026-03-12 09:26:00.082174-04,1.188,1.463,20,0,0,
3412986b-bb24-4596-9f6c-e87ef7a4cc46,WC-01,P-1001,2026-03-09-M,2026-03-12 09:26:00.082174-04,1.662,1.749,30,0,0,
ee602fea-6bc2-429c-beac-c06524c2dd2e,WC-02,P-2001,2026-03-09-M,2026-03-12 09:26:00.082174-04,1.457,1.585,28,1,0,
30a38409-bb97-42fd-b2a5-1e187ee83bf2,WC-03,P-3001,2026-03-09-M,2026-03-12 09:26:00.082174-04,1.545,1.721,40,0,0,
6c708eca-aff6-4fc0-85d4-f6f0ca803855,WC-01,P-1099,2026-03-10-M,2026-03-12 09:26:00.082174-04,1.438,1.521,25,0,0,
c78bad24-eaed-4174-a71c-888e576a35c3,WC-02,P-1099,2026-03-10-M,2026-03-12 09:26:00.082174-04,1.153,1.410,20,0,0,
caaf646f-b7fd-413b-a888-0496e6a6aef6,WC-01,P-1001,2026-03-10-M,2026-03-12 09:26:00.082174-04,1.591,1.759,30,0,0,
8c2d1984-a9d0-42d3-b923-5758ce668120,WC-02,P-2001,2026-03-10-M,2026-03-12 09:26:00.082174-04,1.478,1.514,28,1,0,
025e1bf0-ca05-4339-8315-e7ddf357c012,WC-03,P-3001,2026-03-10-M,2026-03-12 09:26:00.082174-04,1.599,1.669,40,0,0,
d37c24f5-5dc1-43f5-98b3-9cbb6b786c0d,WC-01,P-1099,2026-03-11-M,2026-03-12 09:26:00.082174-04,1.573,1.647,25,0,0,
153ea1a2-7a2f-4cda-8975-7200387a8ac8,WC-02,P-1099,2026-03-11-M,2026-03-12 09:26:00.082174-04,1.315,1.358,20,0,0,
5a4cae4c-c3b5-47f5-bec5-f55c9c46d1d8,WC-01,P-1001,2026-03-11-M,2026-03-12 09:26:00.082174-04,1.620,1.807,30,0,0,
1132c661-d962-473c-b4b1-344671f31846,WC-02,P-2001,2026-03-11-M,2026-03-12 09:26:00.082174-04,1.470,1.648,28,1,0,
017dc153-c07c-46b7-86d6-2392ca444bca,WC-03,P-3001,2026-03-11-M,2026-03-12 09:26:00.082174-04,1.580,1.731,40,0,0,
46b23b3e-464d-45c3-a6e7-ed49cf6fe59a,WC-01,P-1099,2026-03-12-M,2026-03-12 09:26:00.082174-04,1.524,1.662,25,0,0,
882f6370-8ce9-4a57-9948-c8d7087ede68,WC-02,P-1099,2026-03-12-M,2026-03-12 09:26:00.082174-04,1.237,1.291,20,1,0,
da38ef8b-34e4-4e66-855a-b79aac8452da,WC-01,P-1001,2026-03-12-M,2026-03-12 09:26:00.082174-04,1.613,1.841,30,0,0,
a4d77941-ddc4-446f-bd98-209babd5bd00,WC-02,P-2001,2026-03-12-M,2026-03-12 09:26:00.082174-04,1.412,1.504,28,1,0,
c9b15c34-a079-4c8f-a488-15a479d5818d,WC-03,P-3001,2026-03-12-M,2026-03-12 09:26:00.082174-04,1.641,1.677,40,0,0,
1887539c-7ed8-474f-ab10-79f75c0fc425,WC-01,P-1099,2026-03-13-M,2026-03-12 09:26:00.082174-04,1.529,1.665,25,0,0,
efaffb67-8634-4698-aa64-85b4fa4a17e9,WC-02,P-1099,2026-03-13-M,2026-03-12 09:26:00.082174-04,1.135,1.349,20,0,0,
ca281326-7437-43a4-a0cb-1cbc48c8d571,WC-01,P-1001,2026-03-13-M,2026-03-12 09:26:00.082174-04,1.535,1.643,30,0,0,
ca1834ae-e612-4ce3-abdb-e2976053ca0b,WC-02,P-2001,2026-03-13-M,2026-03-12 09:26:00.082174-04,1.447,1.554,28,1,0,
3c755329-d921-46fc-8fd5-12277c56e2f7,WC-03,P-3001,2026-03-13-M,2026-03-12 09:26:00.082174-04,1.636,1.741,40,0,0,
c091aec2-a406-4ba3-aff5-5fb1bcde7326,WC-01,P-1099,2026-03-14-M,2026-03-12 09:26:00.082174-04,1.592,1.635,25,0,0,
e5a3bbee-46c7-476c-8bff-5ceec48dffb6,WC-02,P-1099,2026-03-14-M,2026-03-12 09:26:00.082174-04,1.235,1.294,20,2,0,
5973db99-32f7-4ab1-81a0-f963c631b653,WC-01,P-1001,2026-03-14-M,2026-03-12 09:26:00.082174-04,1.605,1.773,30,0,0,
bf4c3cab-c38e-4047-9da2-4e42122c69d1,WC-02,P-2001,2026-03-14-M,2026-03-12 09:26:00.082174-04,1.497,1.452,28,1,0,
91617919-20a9-4a02-ae94-caaf4286c338,WC-03,P-3001,2026-03-14-M,2026-03-12 09:26:00.082174-04,1.553,1.746,40,0,0,
2ee5ca9d-c8ee-40e1-820e-9f087a2442c6,WC-01,P-1099,2026-03-15-M,2026-03-12 09:26:00.082174-04,1.425,1.546,25,0,0,
7b9e7a67-e19c-45bc-a201-f9a6216f7f09,WC-02,P-1099,2026-03-15-M,2026-03-12 09:26:00.082174-04,1.232,1.295,20,0,0,
52993878-517d-4718-9a85-3cb8a89c3215,WC-01,P-1001,2026-03-15-M,2026-03-12 09:26:00.082174-04,1.653,1.779,30,0,0,
5070c6b4-526a-4789-8abc-6d30d831b818,WC-02,P-2001,2026-03-15-M,2026-03-12 09:26:00.082174-04,1.520,1.689,28,1,0,
41d8df42-d8d4-4d8b-99fe-d871e1b74f21,WC-03,P-3001,2026-03-15-M,2026-03-12 09:26:00.082174-04,1.489,1.652,40,0,0,
